<?xml version="1.0" encoding="UTF-8"?>
<feature
      id="org.eclipse.datatools.enablement.oda.ecore.feature"
      label="%featureName"
      version="1.7.0.v200901211542-2--8s733K35753I33"
      provider-name="%providerName"
      plugin="org.eclipse.datatools.enablement.oda.ecore"
      image="eclipse_update_120.jpg">

   <description>
      %description
   </description>

   <license url="%licenseURL">
      %license
   </license>

   <url>
      <update label="%updateSiteName" url="http://download.eclipse.org/datatools/updates"/>
      <discovery label="%updateSiteName" url="http://download.eclipse.org/datatools/updates"/>
   </url>

   <requires>
      <import feature="org.eclipse.ocl" version="1.2.2" match="greaterOrEqual"/>
      <import feature="org.eclipse.emf.query.ocl" version="1.2.0" match="greaterOrEqual"/>
   </requires>

         
   <plugin
         id="org.eclipse.datatools.enablement.oda.ecore"
         download-size="0"
         install-size="0"
         version="1.0.0.v200901210800"
         unpack="false"/>

   <plugin
         id="org.eclipse.datatools.enablement.oda.ecore.ui"
         download-size="0"
         install-size="0"
         version="1.0.0.v200901210800"
         unpack="false"/>

</feature>
